,MNB__alpha,SGD__penalty,estimator,f1-scores,mean_score
4,,l2,SVM,[0.38678918 0.41141449 0.42238507 0.41469477 0.38796267],0.4046492332721635
